[{"id":387,"name":"Ruby's Fast Food","address_street":"4551 N Pulaski Rd","city":"Chicago","state":"IL","zip":"60630","google_rating":4.6,"google_reviews_count":720}, 
 {"id":967,"name":"Russ Fam Kitchen","address_street":"1216 Hillside Blvd","city":"Daly City","state":"CA","zip":"94014","google_rating":4.6,"google_reviews_count":27}, 
 {"id":532,"name":"S&S Kultura at Kusina LLC","address_street":"14 Main St","city":"Bloomfield","state":"NY","zip":"14469","google_rating":4.9,"google_reviews_count":52}, 
 {"id":329,"name":"Sago Tea Bar ATBP","address_street":"452 S Hunt Club Blvd","city":"Apopka","state":"FL","zip":"32703","google_rating":4.6,"google_reviews_count":390}, 
 {"id":388,"name":"Salamat Po Authentic Filipino Cuisine","address_street":"212 S Milwaukee Ave","city":"Libertyville","state":"IL","zip":"60048","google_rating":4.5,"google_reviews_count":57}, 
 {"id":166,"name":"Salo Salo Filipino Cuisine","address_street":"6777 Mt Zion Blvd","city":"Morrow","state":"GA","zip":"30260","google_rating":4.7,"google_reviews_count":76}, 
 {"id":234,"name":"Salo Salo Restaurant and Grocery Store","address_street":"1108 Green Run Sq","city":"Virginia Beach","state":"VA","zip":"23452","google_rating":4.3,"google_reviews_count":122}, 
 {"id":700,"name":"San Nicolas Chicharon","address_street":"2130 N King St #8","city":"Honolulu","state":"HI","zip":"96819","google_rating":4.2,"google_reviews_count":179}, 
 {"id":799,"name":"Sana All Authentic Filipino Cuisine","address_street":"9501 Computer Dr","city":"San Antonio","state":"TX","zip":"78229","google_rating":4.4,"google_reviews_count":53}, 
 {"id":389,"name":"SANDOK GROCERY AND BAKERY","address_street":"14141 S Cicero Ave","city":"Crestwood","state":"IL","zip":"60445","google_rating":4.3,"google_reviews_count":7}, 
 {"id":22,"name":"Sarah'S Philippines Store","address_street":"114 N 13th St","city":"Terre Haute","state":"IN","zip":"47807","google_rating":4.9,"google_reviews_count":8}, 
 {"id":968,"name":"Sarap Bakersfield","address_street":"600 Coffee Rd Suite U","city":"Bakersfield","state":"CA","zip":"93309","google_rating":5.0,"google_reviews_count":1}, 
 {"id":800,"name":"Sarap Pinoy","address_street":"19333, 295 US-59","city":"Humble","state":"TX","zip":"77338","google_rating":4.5,"google_reviews_count":146}, 
 {"id":65,"name":"Sarap! Filipino Restaurant","address_street":"3743 Bloomington St","city":"Colorado Springs","state":"CO","zip":"80922","google_rating":4.2,"google_reviews_count":173}, 
 {"id":235,"name":"Sari Filipino Kusina","address_street":"6920 Braddock Rd j","city":"Annandale","state":"VA","zip":"22003","google_rating":4.2,"google_reviews_count":298}, 
 {"id":801,"name":"Sari-Sari Filipino Restaurant, Market, & Bakery","address_street":"5700 Wurzbach Rd","city":"San Antonio","state":"TX","zip":"78238","google_rating":4.5,"google_reviews_count":1541}, 
 {"id":802,"name":"Sari-Sari Store","address_street":"18720 Stone Oak Pkwy # 115","city":"San Antonio","state":"TX","zip":"78258","google_rating":4.7,"google_reviews_count":68}, 
 {"id":471,"name":"Sariling Atin","address_street":"54 E Main St","city":"Bergenfield","state":"NJ","zip":"7621","google_rating":3.0,"google_reviews_count":55}, 
 {"id":530,"name":"Sariling Atin","address_street":"89-12 Queens Blvd","city":"Elmhurst","state":"NY","zip":"11373","google_rating":4.1,"google_reviews_count":242}, 
 {"id":167,"name":"Sariling Atin ATL","address_street":"3230 Jodeco Rd suite b","city":"McDonough","state":"GA","zip":"30253","google_rating":5.0,"google_reviews_count":1}, 
 {"id":390,"name":"Sariling Atin Restaurant","address_street":"8702 W Golf Rd","city":"Niles","state":"IL","zip":"60714","google_rating":4.2,"google_reviews_count":326}, 
 {"id":23,"name":"Sati-Babi","address_street":"1600 S 6th St","city":"Terre Haute","state":"IN","zip":"47802","google_rating":4.9,"google_reviews_count":72}, 
 {"id":168,"name":"Savannah Filipino Authentic Cuisine","address_street":"5515 Waters Ave","city":"Savannah","state":"GA","zip":"31404","google_rating":4.6,"google_reviews_count":133}, 
 {"id":391,"name":"Savory Crust Gourmet Empanadas","address_street":"135 E St Charles Rd Unit A","city":"Carol Stream","state":"IL","zip":"60188","google_rating":4.9,"google_reviews_count":243}, 
 {"id":392,"name":"Savory Crust Gourmet Empanadas","address_street":"7180 Dempster St","city":"Morton Grove","state":"IL","zip":"60053","google_rating":4.5,"google_reviews_count":421}, 
 {"id":330,"name":"SaySoSweets Filipino and Hawaiian Cafe and Bakery","address_street":"11757 Beach Blvd Ste. 3","city":"Jacksonville","state":"FL","zip":"32246","google_rating":4.5,"google_reviews_count":168}, 
 {"id":803,"name":"SB Food Depot","address_street":"2125 E Division St","city":"Arlington","state":"TX","zip":"76011","google_rating":4.0,"google_reviews_count":259}, 
 {"id":1145,"name":"Seafood City Supermarket","address_street":"130 W Plaza Blvd","city":"National City","state":"CA","zip":"91950","google_rating":null,"google_reviews_count":null}, 
 {"id":1146,"name":"Seafood City Supermarket","address_street":"2700 Colorado Blvd Suite 140","city":"Los Angeles","state":"CA","zip":"90041","google_rating":null,"google_reviews_count":null}, 
 {"id":1147,"name":"Seafood City Supermarket","address_street":"24536 Hesperian Blvd","city":"Hayward","state":"CA","zip":"94545","google_rating":null,"google_reviews_count":null}, 
 {"id":1148,"name":"Seafood City Supermarket","address_street":"26579 Bouquet Canyon Rd","city":"Santa Clarita","state":"CA","zip":"91350","google_rating":null,"google_reviews_count":null}, 
 {"id":1149,"name":"Seafood City Supermarket","address_street":"138 S Vermont Ave","city":"Los Angeles","state":"CA","zip":"90004","google_rating":null,"google_reviews_count":null}, 
 {"id":1150,"name":"Seafood City Supermarket","address_street":"131 W Carson St","city":"Carson","state":"CA","zip":"90745","google_rating":null,"google_reviews_count":null}, 
 {"id":1151,"name":"Seafood City Supermarket","address_street":"285 E Orange Ave","city":"Chula Vista","state":"CA","zip":"91911","google_rating":null,"google_reviews_count":null}, 
 {"id":1152,"name":"Seafood City Supermarket","address_street":"2180 Barranca Pkwy","city":"Irvine","state":"CA","zip":"92606","google_rating":null,"google_reviews_count":null}, 
 {"id":1153,"name":"Seafood City Supermarket","address_street":"447 Great Mall Dr","city":"Milpitas","state":"CA","zip":"95035","google_rating":null,"google_reviews_count":null}, 
 {"id":1154,"name":"Seafood City Supermarket","address_street":"2220 E Plaza Blvd","city":"National City","state":"CA","zip":"91950","google_rating":null,"google_reviews_count":null}, 
 {"id":1155,"name":"Seafood City Supermarket","address_street":"8231 Woodman Ave","city":"Panorama City","state":"CA","zip":"91402","google_rating":null,"google_reviews_count":null}, 
 {"id":1156,"name":"Seafood City Supermarket","address_street":"11098 Foothill Blvd","city":"Rancho Cucamonga","state":"CA","zip":"91730","google_rating":null,"google_reviews_count":null}, 
 {"id":1157,"name":"Seafood City Supermarket","address_street":"6051 Mack Rd","city":"Sacramento","state":"CA","zip":"95823","google_rating":null,"google_reviews_count":null}, 
 {"id":1158,"name":"Seafood City Supermarket","address_street":"8436 Mira Mesa Blvd","city":"San Diego","state":"CA","zip":"92126","google_rating":null,"google_reviews_count":null}, 
 {"id":1159,"name":"Seafood City Supermarket","address_street":"1525 Amar Rd","city":"West Covina","state":"CA","zip":"91792","google_rating":null,"google_reviews_count":null}, 
 {"id":1160,"name":"Seafood City Supermarket","address_street":"5033 N Elston Ave","city":"Chicago","state":"IL","zip":"60630","google_rating":null,"google_reviews_count":null}, 
 {"id":1161,"name":"Seafood City Supermarket","address_street":"3890 S Maryland Pkwy","city":"Las Vegas","state":"NV","zip":"89119","google_rating":null,"google_reviews_count":null}, 
 {"id":1162,"name":"Seafood City Supermarket","address_street":"4850 W Flamingo Rd","city":"Las Vegas","state":"NV","zip":"89103","google_rating":null,"google_reviews_count":null}, 
 {"id":1163,"name":"Seafood City Supermarket","address_street":"1374 Southcenter Mall","city":"Tukwila","state":"WA","zip":"98188","google_rating":null,"google_reviews_count":null}, 
 {"id":1164,"name":"Seafood City Supermarket","address_street":"94-050 Farrington Hwy","city":"Waipahu","state":"HI","zip":"96797","google_rating":null,"google_reviews_count":null}, 
 {"id":975,"name":"Seafood City Supermarket","address_street":"2700 Colorado Blvd Suite #140","city":"Los Angeles","state":"CA","zip":"90041","google_rating":4.2,"google_reviews_count":1394}, 
 {"id":804,"name":"Seafood City Supermarket","address_street":"15237 Southwest Fwy","city":"Sugar Land","state":"TX","zip":"77478","google_rating":4.2,"google_reviews_count":707}, 
 {"id":393,"name":"Seafood City Supermarket","address_street":"5033 N Elston Ave","city":"Chicago","state":"IL","zip":"60630","google_rating":4.3,"google_reviews_count":3788}, 
 {"id":574,"name":"Seafood City Supermarket","address_street":"6435 N Decatur Blvd","city":"Las Vegas","state":"NV","zip":"89131","google_rating":4.2,"google_reviews_count":1272}, 
 {"id":575,"name":"Seafood City Supermarket","address_street":"7230 Arroyo Crossing Pkwy","city":"Las Vegas","state":"NV","zip":"89113","google_rating":4.0,"google_reviews_count":851}, 
 {"id":627,"name":"Seafood City Supermarket","address_street":"1368 Southcenter Mall #100","city":"Tukwila","state":"WA","zip":"98188","google_rating":4.2,"google_reviews_count":3340}, 
 {"id":701,"name":"Seafood City Supermarket","address_street":"94-050 Farrington Hwy","city":"Waipahu","state":"HI","zip":"96797","google_rating":4.3,"google_reviews_count":1248}, 
 {"id":970,"name":"Seafood City Supermarket","address_street":"131 W Carson St","city":"Carson","state":"CA","zip":"90745","google_rating":4.2,"google_reviews_count":2194}, 
 {"id":971,"name":"Seafood City Supermarket","address_street":"134-140 S Vermont Ave","city":"Los Angeles","state":"CA","zip":"90004","google_rating":4.2,"google_reviews_count":2411}, 
 {"id":972,"name":"Seafood City Supermarket","address_street":"2180 Barranca Pkwy","city":"Irvine","state":"CA","zip":"92606","google_rating":4.3,"google_reviews_count":651}, 
 {"id":973,"name":"Seafood City Supermarket","address_street":"285 E Orange Ave","city":"Chula Vista","state":"CA","zip":"91911","google_rating":4.3,"google_reviews_count":1726}, 
 {"id":974,"name":"Seafood City Supermarket","address_street":"17202 Norwalk Blvd","city":"Cerritos","state":"CA","zip":"90703","google_rating":4.3,"google_reviews_count":2042}, 
 {"id":969,"name":"Seafood City Supermarket","address_street":"24536 Hesperian Blvd","city":"Hayward","state":"CA","zip":"94545","google_rating":4.4,"google_reviews_count":837}, 
 {"id":976,"name":"Seafood Ranch Market","address_street":"117 E 223rd St","city":"Carson","state":"CA","zip":"90745","google_rating":4.3,"google_reviews_count":220}, 
 {"id":977,"name":"Seafood Ranch Market","address_street":"3756 W Ave 40 suite n","city":"Los Angeles","state":"CA","zip":"90065","google_rating":4.3,"google_reviews_count":132}, 
 {"id":702,"name":"Shays Filipino Cafe","address_street":"94-1040 Waipio Uka St Suite #10","city":"Waipahu","state":"HI","zip":"96797","google_rating":4.1,"google_reviews_count":210}, 
 {"id":124,"name":"Shop Halo Halo","address_street":"4981 SE Woodstock Blvd #2","city":"Portland","state":"OR","zip":"97206","google_rating":4.6,"google_reviews_count":90}, 
 {"id":472,"name":"Sierra Madre Food Mart","address_street":"28 E Main St","city":"Bergenfield","state":"NJ","zip":"7621","google_rating":4.5,"google_reviews_count":44}, 
 {"id":978,"name":"Sig's Little Kitchen","address_street":"480 San Ramon Valley Blvd #A2","city":"Danville","state":"CA","zip":"94526","google_rating":4.7,"google_reviews_count":12}, 
 {"id":979,"name":"Silog Rice Above","address_street":"10959 Kinross Ave","city":"Los Angeles","state":"CA","zip":"90024","google_rating":5.0,"google_reviews_count":1}, 
 {"id":394,"name":"Simple Delights Filipino Bakery & Cafe","address_street":"9237 Waukegan Rd","city":"Morton Grove","state":"IL","zip":"60053","google_rating":4.1,"google_reviews_count":74}, 
 {"id":395,"name":"SMC Pampanga Express","address_street":"2855 Washington St","city":"Waukegan","state":"IL","zip":"60085","google_rating":4.5,"google_reviews_count":250}, 
 {"id":980,"name":"Smorgasburg (Los Angeles)","address_street":"777 S Alameda St","city":"Los Angeles","state":"CA","zip":"90021","google_rating":4.6,"google_reviews_count":3772}, 
 {"id":897,"name":"Smyly Pinoy Bread","address_street":"8116 S 840 W","city":"Sandy","state":"UT","zip":"84070","google_rating":0.0,"google_reviews_count":0}, 
 {"id":805,"name":"SnD Ating Inasal Foodtruck","address_street":"14215 Bissonnet St","city":"Houston","state":"TX","zip":"77083","google_rating":5.0,"google_reviews_count":15}, 
 {"id":806,"name":"SO PINOY HTX (Food Trailer)","address_street":"12922 Cutten Rd Unit F","city":"Houston","state":"TX","zip":"77066","google_rating":5.0,"google_reviews_count":50}, 
 {"id":531,"name":"So Sarap","address_street":"7 World Trade Center, Greenwich St","city":"New York","state":"NY","zip":"10007","google_rating":3.9,"google_reviews_count":22}, 
 {"id":830,"name":"Son's Cuisine","address_street":"623 W Walnut St","city":"Rogers","state":"AR","zip":"72756","google_rating":4.9,"google_reviews_count":341}, 
 {"id":396,"name":"South Sea Asian Carry Out","address_street":"451 W Boughton Rd","city":"Bolingbrook","state":"IL","zip":"60440","google_rating":4.3,"google_reviews_count":70}, 
 {"id":807,"name":"Soy Pinoy","address_street":"401 Franklin St Suite 1230","city":"Houston","state":"TX","zip":"77201","google_rating":3.9,"google_reviews_count":174}, 
 {"id":981,"name":"Starbread Anaheim","address_street":"2424 W Ball Rd Suite Z","city":"Anaheim","state":"CA","zip":"92804","google_rating":4.5,"google_reviews_count":190}, 
 {"id":983,"name":"Starbread Bakery","address_street":"103 W Carson St","city":"Carson","state":"CA","zip":"90745","google_rating":4.6,"google_reviews_count":97}, 
 {"id":984,"name":"Starbread Bakery","address_street":"520 Broadway #2","city":"Chula Vista","state":"CA","zip":"91910","google_rating":4.7,"google_reviews_count":206}, 
 {"id":982,"name":"Starbread Bakery Cerritos","address_street":"17216 Norwalk Blvd","city":"Cerritos","state":"CA","zip":"90703","google_rating":4.3,"google_reviews_count":43}, 
 {"id":397,"name":"Stix and Noodles","address_street":"1510 Industrial Dr D","city":"Lake in the Hills","state":"IL","zip":"60156","google_rating":4.9,"google_reviews_count":98}, 
 {"id":398,"name":"SUBO Filipino Kitchen","address_street":"4712 N Kimball Ave","city":"Chicago","state":"IL","zip":"60625","google_rating":4.3,"google_reviews_count":267}, 
 {"id":73,"name":"Surepinoy Oriental Food Mart","address_street":"145 Water St","city":"Quincy","state":"MA","zip":"2169","google_rating":4.6,"google_reviews_count":100}, 
 {"id":236,"name":"Susan's Kitchenette Filipino","address_street":"1270 Diamond Springs Rd #109","city":"Virginia Beach","state":"VA","zip":"23455","google_rating":4.4,"google_reviews_count":1041}, 
 {"id":808,"name":"Susie's Lumpia House","address_street":"7914 Culebra Rd STE 109","city":"San Antonio","state":"TX","zip":"78251","google_rating":4.4,"google_reviews_count":443}, 
 {"id":703,"name":"Sw8 dada's Sisig","address_street":"94-333 Waipahu Depot St","city":"Waipahu","state":"HI","zip":"96797","google_rating":4.8,"google_reviews_count":34}, 
 {"id":985,"name":"Sweet Dreams Bakery","address_street":"7743 El Camino Real","city":"Colma","state":"CA","zip":"94014","google_rating":4.6,"google_reviews_count":48}, 
 {"id":704,"name":"T & L Market","address_street":"1335 Middle St","city":"Honolulu","state":"HI","zip":"96819","google_rating":4.7,"google_reviews_count":75}, 
 {"id":57,"name":"Tabachoy","address_street":"932 S 10th St","city":"Philadelphia","state":"PA","zip":"19147","google_rating":4.6,"google_reviews_count":308}, 
 {"id":533,"name":"Tadhana","address_street":"151 Allen St","city":"New York","state":"NY","zip":"10002","google_rating":4.4,"google_reviews_count":149}, 
 {"id":705,"name":"Tagpuan","address_street":"60 Kanoa St","city":"Wailuku","state":"HI","zip":"96793","google_rating":5.0,"google_reviews_count":10}, 
 {"id":534,"name":"Tagpuan NYC","address_street":"70-06 Roosevelt Ave","city":"Jackson Heights","state":"NY","zip":"11372","google_rating":4.6,"google_reviews_count":26}, 
 {"id":58,"name":"Tambayan","address_street":"45 N 12th St","city":"Philadelphia","state":"PA","zip":"19107","google_rating":3.7,"google_reviews_count":201}, 
 {"id":576,"name":"Tambayan BBQ","address_street":"1717 S Decatur Blvd a38","city":"Las Vegas","state":"NV","zip":"89102","google_rating":4.9,"google_reviews_count":171}, 
 {"id":147,"name":"Tambayan Filipino Food","address_street":"1534 W Camelback Rd","city":"Phoenix","state":"AZ","zip":"85015","google_rating":4.3,"google_reviews_count":445}, 
 {"id":125,"name":"Tambayan Restaurant","address_street":"6014 SE Foster Rd","city":"Portland","state":"OR","zip":"97206","google_rating":4.4,"google_reviews_count":203}, 
 {"id":986,"name":"Tambuli Market","address_street":"126 W Carson St","city":"Carson","state":"CA","zip":"90745","google_rating":4.2,"google_reviews_count":177}, 
 {"id":987,"name":"Tambuli Seafood Market","address_street":"1100 N Vermont Ave","city":"Los Angeles","state":"CA","zip":"90029","google_rating":4.2,"google_reviews_count":208}, 
 {"id":988,"name":"Tambuli Seafood Market","address_street":"4700 Lincoln Ave","city":"Cypress","state":"CA","zip":"90630","google_rating":4.1,"google_reviews_count":418}, 
 {"id":989,"name":"Tambuli Supermarket","address_street":"2520 Santa Fe Ave","city":"Long Beach","state":"CA","zip":"90810","google_rating":4.0,"google_reviews_count":425}, 
 {"id":809,"name":"Taste of Philippines","address_street":"565 W Oates Rd #110","city":"Garland","state":"TX","zip":"75043","google_rating":4.6,"google_reviews_count":314}, 
 {"id":237,"name":"Taste of the Philippines","address_street":"2913 Arlington Dr Ste B","city":"Alexandria","state":"VA","zip":"22306","google_rating":4.7,"google_reviews_count":68}, 
 {"id":1000,"name":"TATAK PINOY BBQ","address_street":"401 Nogales St","city":"La Puente","state":"CA","zip":"91744","google_rating":0.0,"google_reviews_count":0}, 
 {"id":810,"name":"Tea Town","address_street":"2731 W 15th St","city":"Plano","state":"TX","zip":"75075","google_rating":4.3,"google_reviews_count":228}, 
 {"id":874,"name":"TeamBahay Eatery","address_street":"6901B San Antonio Dr NE","city":"Albuquerque","state":"NM","zip":"87109","google_rating":5.0,"google_reviews_count":4}, 
 {"id":190,"name":"Tessa and Sons Philippine Market","address_street":"7460 Baltimore Annapolis Blvd","city":"Glen Burnie","state":"MD","zip":"21061","google_rating":4.4,"google_reviews_count":8}, 
 {"id":628,"name":"That's What I Like! Restaurant & Lounge","address_street":"3236 Northwest Ave","city":"Bellingham","state":"WA","zip":"98225","google_rating":4.6,"google_reviews_count":323}, 
 {"id":399,"name":"The Bakehouse","address_street":"1504 Bloomingdale Rd","city":"Glendale Heights","state":"IL","zip":"60139","google_rating":4.1,"google_reviews_count":88}, 
 {"id":331,"name":"The Baker's Son","address_street":"11957 Atlantic Blvd #101","city":"Jacksonville","state":"FL","zip":"32225","google_rating":4.6,"google_reviews_count":693}, 
 {"id":811,"name":"The Baker's Son","address_street":"8025 Main St suite a","city":"Houston","state":"TX","zip":"77025","google_rating":4.6,"google_reviews_count":310}, 
 {"id":812,"name":"The Baker's Son Sugar Land, TX","address_street":"15235 Southwest Fwy","city":"Sugar Land","state":"TX","zip":"77478","google_rating":4.1,"google_reviews_count":41}, 
 {"id":990,"name":"The Bread Basket Bakery","address_street":"7099 Mission St","city":"Daly City","state":"CA","zip":"94014","google_rating":4.3,"google_reviews_count":21}, 
 {"id":898,"name":"The Bros Cuisine","address_street":"67 W 1700 S","city":"Salt Lake City","state":"UT","zip":"84115","google_rating":5.0,"google_reviews_count":24}, 
 {"id":535,"name":"The Buren","address_street":"1223 Broadway","city":"Brooklyn","state":"NY","zip":"11221","google_rating":4.0,"google_reviews_count":356}, 
 {"id":867,"name":"The Fattened Caf.","address_street":"3405 S Jefferson Ave","city":"St. Louis","state":"MO","zip":"63118","google_rating":4.9,"google_reviews_count":188}, 
 {"id":169,"name":"The Good Eats Authentic Filipino Cuisine","address_street":"2430 Peach Orchard Rd","city":"Augusta","state":"GA","zip":"30906","google_rating":5.0,"google_reviews_count":1}, 
 {"id":629,"name":"The Heritage","address_street":"1500 South 336th St #16","city":"Federal Way","state":"WA","zip":"98003","google_rating":4.3,"google_reviews_count":68}, 
 {"id":706,"name":"The Lechon King","address_street":"692 Mapunapuna St","city":"Honolulu","state":"HI","zip":"96819","google_rating":4.4,"google_reviews_count":29}, 
 {"id":400,"name":"The Lumpia House and Truck","address_street":"1731 S MacArthur Blvd","city":"Springfield","state":"IL","zip":"62704","google_rating":4.7,"google_reviews_count":97}, 
 {"id":36,"name":"The Lumpia Queen","address_street":"1100 W Third St","city":"Dayton","state":"OH","zip":"45402","google_rating":4.4,"google_reviews_count":139}, 
 {"id":332,"name":"The Magayon Restaurant - Organic. Filipino, Spanish and More.","address_street":"318 9th St N","city":"Naples","state":"FL","zip":"34102","google_rating":4.3,"google_reviews_count":29}, 
 {"id":536,"name":"The Mami House","address_street":"250 Rainbow Blvd","city":"Niagara Falls","state":"NY","zip":"14303","google_rating":4.6,"google_reviews_count":449}, 
 {"id":886,"name":"The Manila Grille","address_street":"1782 US-17 BUS","city":"Myrtle Beach","state":"SC","zip":"29575","google_rating":4.7,"google_reviews_count":152}, 
 {"id":991,"name":"The Mochi Donut Shop Daly City","address_street":"7 San Pedro Rd","city":"Daly City","state":"CA","zip":"94014","google_rating":4.3,"google_reviews_count":59}, 
 {"id":170,"name":"The Narra Tree","address_street":"7054 Hodgson Memorial Dr","city":"Savannah","state":"GA","zip":"31406","google_rating":4.8,"google_reviews_count":410}, 
 {"id":992,"name":"The Noypitz Bar & Grill","address_street":"7591 E Carson St","city":"Long Beach","state":"CA","zip":"90808","google_rating":4.2,"google_reviews_count":17}, 
 {"id":66,"name":"The Orange Crunch Filipino Staples and Delights","address_street":"14200 E Alameda Ave Aurora Eatery","city":"Aurora","state":"CO","zip":"80012","google_rating":4.7,"google_reviews_count":6}, 
 {"id":1003,"name":"The Original Barrio Fiesta","address_street":"818 N Pacific Ave Suite M","city":"Glendale","state":"CA","zip":"91203","google_rating":3.9,"google_reviews_count":281}, 
 {"id":1014,"name":"The Park's Finest","address_street":"1267 W Temple St","city":"Los Angeles","state":"CA","zip":"90026","google_rating":4.6,"google_reviews_count":750}, 
 {"id":831,"name":"The Sweet Spot","address_street":"3321 John F Kennedy Blvd","city":"North Little Rock","state":"AR","zip":"72116","google_rating":5.0,"google_reviews_count":50}, 
 {"id":707,"name":"Thelma's Restaurant","address_street":"94-366 Pupupani St #116","city":"Waipahu","state":"HI","zip":"96797","google_rating":4.4,"google_reviews_count":643}, 
 {"id":106,"name":"Thelmart","address_street":"2813 Lowell Rd","city":"Gastonia","state":"NC","zip":"28054","google_rating":0.0,"google_reviews_count":0}, 
 {"id":708,"name":"Tiano's Restaurant","address_street":"94-673 Kupuohi St B202","city":"Waipahu","state":"HI","zip":"96797","google_rating":4.4,"google_reviews_count":375}, 
 {"id":577,"name":"Tina's Filipino Cuisine","address_street":"7720 S Jones Blvd #105","city":"Las Vegas","state":"NV","zip":"89139","google_rating":4.2,"google_reviews_count":402}, 
 {"id":813,"name":"Tinda Filipino Store","address_street":"3810 N Mason Rd","city":"Katy","state":"TX","zip":"77449","google_rating":4.7,"google_reviews_count":22}, 
 {"id":835,"name":"Tindahan City","address_street":"544 Deming Rd","city":"Berlin","state":"CT","zip":"6037","google_rating":4.7,"google_reviews_count":106}, 
 {"id":836,"name":"Tindahan City Food & Catering","address_street":"544 Deming Rd Unit B","city":"Berlin","state":"CT","zip":"6037","google_rating":4.8,"google_reviews_count":23}, 
 {"id":814,"name":"Tindahan Filipino Store","address_street":"504 N 10th St Suite B12","city":"McAllen","state":"TX","zip":"78501","google_rating":4.4,"google_reviews_count":12}, 
 {"id":630,"name":"Tindahan SA Nayon Filipino","address_street":"9623 State Ave","city":"Marysville","state":"WA","zip":"98270","google_rating":4.7,"google_reviews_count":145}, 
 {"id":333,"name":"Tindahang Pinoy Variety Store","address_street":"9150 49th St N","city":"Pinellas Park","state":"FL","zip":"33782","google_rating":4.4,"google_reviews_count":270}, 
 {"id":868,"name":"Ting's Filipino Bistro","address_street":"405 Main St","city":"Kansas City","state":"MO","zip":"64105","google_rating":3.8,"google_reviews_count":182}, 
 {"id":899,"name":"Tita Ed's Sari-Sari Treats Filipino Pastries & More","address_street":"660 N Freedom Blvd","city":"Provo","state":"UT","zip":"84601","google_rating":4.9,"google_reviews_count":9}, 
 {"id":37,"name":"Tita Flora's","address_street":"6531 Brecksville Rd","city":"Independence","state":"OH","zip":"44131","google_rating":4.7,"google_reviews_count":272}, 
 {"id":401,"name":"Tita Mia's Filipino Restaurant & Cafe","address_street":"8520 W Golf Rd","city":"Niles","state":"IL","zip":"60714","google_rating":4.2,"google_reviews_count":556}, 
 {"id":993,"name":"Tita Riza's Filipino Market","address_street":"501w Mobil Ave","city":"Camarillo","state":"CA","zip":"93010","google_rating":4.7,"google_reviews_count":30}, 
 {"id":537,"name":"Tito Rad's Grill","address_street":"49-10 Queens Blvd","city":"Woodside","state":"NY","zip":"11377","google_rating":4.3,"google_reviews_count":1280}, 
 {"id":815,"name":"TJ Filipino Cuisine","address_street":"1826 Country Pl Pkwy #102","city":"Pearland","state":"TX","zip":"77584","google_rating":4.4,"google_reviews_count":554}, 
 {"id":816,"name":"To Go Cafe","address_street":"14498 Bellaire Blvd","city":"Houston","state":"TX","zip":"77083","google_rating":4.1,"google_reviews_count":206}, 
 {"id":24,"name":"Top Notch Filipino Fusion","address_street":"2361 W Rappel Ave","city":"Bloomington","state":"IN","zip":"47404","google_rating":5.0,"google_reviews_count":2}, 
 {"id":578,"name":"Toto's grill Las Vegas","address_street":"3910 S Maryland Pkwy","city":"Las Vegas","state":"NV","zip":"89119","google_rating":4.3,"google_reviews_count":157}, 
 {"id":994,"name":"Traballo's Backyard BBQ","address_street":"3001 Bayshore Rd suite 1","city":"Benicia","state":"CA","zip":"94510","google_rating":4.4,"google_reviews_count":136}, 
 {"id":538,"name":"Tradisyon","address_street":"135 W 50th St # 11-5","city":"New York","state":"NY","zip":"10020","google_rating":4.4,"google_reviews_count":569}, 
 {"id":48,"name":"Traverse Asian Market","address_street":"533 W Fourteenth St","city":"Traverse City","state":"MI","zip":"49684","google_rating":4.5,"google_reviews_count":134}, 
 {"id":817,"name":"Tri.Mo LLC","address_street":"2655 FM 1488","city":"Conroe","state":"TX","zip":"77384","google_rating":5.0,"google_reviews_count":1}, 
 {"id":709,"name":"Trini's Mix Plate & Catering","address_street":"74-5533 Luhia St APT K6","city":"Kailua-Kona","state":"HI","zip":"96740","google_rating":4.6,"google_reviews_count":46}, 
 {"id":995,"name":"Tropa Modern Filipino","address_street":"3400 Mount Diablo Blvd","city":"Lafayette","state":"CA","zip":"94549","google_rating":4.9,"google_reviews_count":23}, 
 {"id":539,"name":"Tropical Grille","address_street":"126 NY-304","city":"Nanuet","state":"NY","zip":"10954","google_rating":4.5,"google_reviews_count":94}, 
 {"id":473,"name":"Tropical Hut","address_street":"388 US-46","city":"Parsippany","state":"NJ","zip":"7054","google_rating":4.5,"google_reviews_count":209}, 
 {"id":474,"name":"Tropical Hut Filipino Cuisine","address_street":"104 W Pleasant Ave","city":"Maywood","state":"NJ","zip":"7607","google_rating":4.4,"google_reviews_count":324}, 
 {"id":540,"name":"Tropical Hut Filipino Cuisine","address_street":"1 Spring Valley Market Pl","city":"Spring Valley","state":"NY","zip":"10977","google_rating":4.6,"google_reviews_count":158}, 
 {"id":475,"name":"Tropical Hut Philippine Cuisine","address_street":"3562 NJ-27 #109","city":"Kendall Park","state":"NJ","zip":"8824","google_rating":4.8,"google_reviews_count":47}, 
 {"id":476,"name":"Tropical Hut Philippine Cuisine","address_street":"3314 US-9","city":"Old Bridge","state":"NJ","zip":"8857","google_rating":4.5,"google_reviews_count":149}, 
 {"id":25,"name":"Tropical Islands Cuisine","address_street":"44 W 80th Pl","city":"Merrillville","state":"IN","zip":"46410","google_rating":4.7,"google_reviews_count":162}, 
 {"id":818,"name":"Tsibog","address_street":"9292 Warren Pkwy Ste 200 Unit 104","city":"Frisco","state":"TX","zip":"75035","google_rating":4.6,"google_reviews_count":28}, 
 {"id":477,"name":"Turon King","address_street":"13 W Main St","city":"Bergenfield","state":"NJ","zip":"7621","google_rating":5.0,"google_reviews_count":1}, 
 {"id":126,"name":"Twisted Filipino Variety Cuisine","address_street":"240 SW 3rd St","city":"Hermiston","state":"OR","zip":"97838","google_rating":5.0,"google_reviews_count":10}, 
 {"id":403,"name":"U-MART Foods & Bake Shop","address_street":"1038 W Golf Rd","city":"Hoffman Estates","state":"IL","zip":"60169","google_rating":4.0,"google_reviews_count":49}, 
 {"id":710,"name":"UBAE","address_street":"1284 Kalani St","city":"Honolulu","state":"HI","zip":"96817","google_rating":4.5,"google_reviews_count":272}, 
 {"id":402,"name":"Umaga Bakehouse","address_street":"4703 W Foster Ave","city":"Chicago","state":"IL","zip":"60630","google_rating":4.6,"google_reviews_count":254}, 
 {"id":404,"name":"Uncle Mike's Place","address_street":"1700 W Grand Ave","city":"Chicago","state":"IL","zip":"60622","google_rating":4.7,"google_reviews_count":1565}, 
 {"id":171,"name":"Uragon Filipino Food","address_street":"431 Bundy Ave","city":"Fort Stewart","state":"GA","zip":"31315","google_rating":4.6,"google_reviews_count":27}, 
 {"id":406,"name":"Val's Kitchen and Plus","address_street":"737 Plainfield Rd","city":"Darien","state":"IL","zip":"60561","google_rating":4.5,"google_reviews_count":43}, 
 {"id":996,"name":"Valerio's Bakehouse","address_street":"2180 Barranca Pkwy","city":"Irvine","state":"CA","zip":"92606","google_rating":3.1,"google_reviews_count":41}, 
 {"id":711,"name":"Valerio's Tropical Bake Shop","address_street":"94-050 Farrington Hwy","city":"Waipahu","state":"HI","zip":"96797","google_rating":4.2,"google_reviews_count":43}, 
 {"id":405,"name":"Valerio's Tropical Bakeshop","address_street":"5033 N Elston Ave","city":"Chicago","state":"IL","zip":"60630","google_rating":3.2,"google_reviews_count":82}, 
 {"id":997,"name":"Valerios City Bakery","address_street":"17210 Norwalk Blvd","city":"Cerritos","state":"CA","zip":"90703","google_rating":4.0,"google_reviews_count":33}, 
 {"id":819,"name":"Van Tran Pinoy Pantry Market","address_street":"8201 N Beach St Suite 105","city":"Fort Worth","state":"TX","zip":"76244","google_rating":4.7,"google_reviews_count":714}, 
 {"id":712,"name":"Vicky's Filipino Fast Food","address_street":"1113 Fort Street Mall","city":"Honolulu","state":"HI","zip":"96813","google_rating":4.4,"google_reviews_count":34}, 
 {"id":191,"name":"VMart Filipino Grocery Store, Nottingham, MD","address_street":"8837a Belair Rd","city":"Nottingham","state":"MD","zip":"21236","google_rating":4.5,"google_reviews_count":133}, 
 {"id":713,"name":"Waialua General Store","address_street":"67-272 Goodale Ave","city":"Waialua","state":"HI","zip":"96791","google_rating":4.9,"google_reviews_count":101}, 
 {"id":714,"name":"Waipahu Festival Marketplace","address_street":"94-340 Waipahu Depot St #115","city":"Waipahu","state":"HI","zip":"96797","google_rating":4.2,"google_reviews_count":283}, 
 {"id":715,"name":"Waipahu Market","address_street":"94-861 Farrington Hwy C","city":"Waipahu","state":"HI","zip":"96797","google_rating":3.7,"google_reviews_count":31}, 
 {"id":407,"name":"Wake 'n Bacon","address_street":"420 W Belmont Ave","city":"Chicago","state":"IL","zip":"60657","google_rating":4.1,"google_reviews_count":788}, 
 {"id":631,"name":"West Hill Deli","address_street":"3615 W Valley Hwy N","city":"Auburn","state":"WA","zip":"98001","google_rating":4.4,"google_reviews_count":267}, 
 {"id":832,"name":"Whilma's Filipino Restaurant","address_street":"601 E Race Ave","city":"Searcy","state":"AR","zip":"72143","google_rating":4.6,"google_reviews_count":410}, 
 {"id":148,"name":"Wholly Grill","address_street":"66 S Dobson Rd STE 125","city":"Mesa","state":"AZ","zip":"85202","google_rating":3.9,"google_reviews_count":175}, 
 {"id":998,"name":"Willie's Catering and Restaurant","address_street":"7199 Mission St","city":"Daly City","state":"CA","zip":"94014","google_rating":3.7,"google_reviews_count":7}, 
 {"id":238,"name":"Winnie's Filipino Kitchen","address_street":"1400 Kempsville Rd #119","city":"Chesapeake","state":"VA","zip":"23320","google_rating":3.6,"google_reviews_count":64}, 
 {"id":820,"name":"Yammy's Filipino Letchon","address_street":"4257 Gattis School Rd","city":"Round Rock","state":"TX","zip":"78664","google_rating":4.5,"google_reviews_count":120}, 
 {"id":49,"name":"YMA YMAS Restaurant","address_street":"42915 Dequindre Rd","city":"Troy","state":"MI","zip":"48085","google_rating":4.9,"google_reviews_count":80}, 
 {"id":847,"name":"Yoshi's Coffee Bar & Filipino Canteen","address_street":"831 W 3rd St","city":"Davenport","state":"IA","zip":"52802","google_rating":4.4,"google_reviews_count":166}, 
 {"id":408,"name":"Ysabel's Grill Asian Cuisine","address_street":"4908 W Irving Park Rd","city":"Chicago","state":"IL","zip":"60641","google_rating":4.2,"google_reviews_count":142}, 
 {"id":716,"name":"Yumyum Tumtum Filipino Food","address_street":"45-1127 Kamehameha Hwy F","city":"Kaneohe","state":"HI","zip":"96744","google_rating":5.0,"google_reviews_count":6}, 
 {"id":717,"name":"Yumyum Tumtum Filipino Food Truck","address_street":"Lokahi Kailua Market, 340 Uluniu St","city":"Kailua","state":"HI","zip":"96734","google_rating":3.8,"google_reviews_count":11}, 
 {"id":837,"name":"Zul Cafe and Grill","address_street":"268 1/2, 268 Main Ave","city":"Norwalk","state":"CT","zip":"6851","google_rating":4.6,"google_reviews_count":166}]